Formula,hse,PBE/$σ_{max}^{GSv}$,(PBE+$σ_{min}^{EN}$)-($σ_{max}^{RCORE}$-PBE),$PBE^{5/6}$,PBE*$σ_{max}^{RCOV}$/($σ_{max}^{GSv}$+$σ_{max}^{RCOV}$)
Ca1Cl2,7.413641999999999,6.233268692,11.553333,4.327030881000001,4.67677225
Al2Cl2O2,7.308257000000001,6.436812809,11.858889,4.320812988,4.815134307
Cl2Sr1,7.084098,6.14608898,11.465,4.302148557,4.550362063
Ba1Cl2,6.889206,5.9280382970000005,11.155,4.208581267,4.329480588
Al2Cl6,7.05196,5.947237812999999,11.02125,4.158508652,4.4590604560000004
Cl6Y2,6.6100449999999995,5.50344627,10.1725,3.9062899019999997,4.136524437
Ba2Br2Cl2,6.268366,5.277036245,10.025556,3.880891358,3.9281740089999997
Cl2Zn1,6.279138,5.46074078,10.161666,3.855459527,4.072017217
Br2Ca1,6.4888330000000005,5.314592864,9.793333,3.836363623,4.029970578
Ba1Br2,6.125558,5.225588925,9.655,3.798114593,3.9210777560000003
Cl2Sr1,6.237126,5.29246551,9.865,3.798114593,3.918367332
Hf1O2,6.579644999999999,5.802747527,10.15,3.759788369,4.348377279
Cl2Mg1,6.10961,5.173752513999999,9.605,3.695736772,3.870432207
Cl2O2Sc2,5.928577,5.308806441000001,9.464444,3.689319448,4.186686229
Ca1Cl2,6.24411,5.137073163,9.513333,3.68289989,3.8543054060000004
Br2Mg1,5.976929,5.062461843,9.345,3.676478093,3.829274832
B1Cl3,6.308113,5.122282886,9.515,3.663627762,3.83011522
Ba1Cl2,6.016648,5.00871685,9.415,3.657199217,3.658063812
B1N1,5.701716,5.449729157999999,9.72,3.599239895,3.954692147
O2Zr1,6.104867,5.178702083,9.155,3.437245592,3.885062669
Br2Sr1,5.504455999999999,4.635178091,8.505,3.424220782,3.516189469
I2Sr1,5.395657,4.48778856,8.171667,3.3916152569999998,3.306705485
Cl6Sc2,5.443229,4.627858285,8.55,3.3785555069999997,3.4753255989999996
H2O6P2Zr1,6.050288,4.870872042,8.409773,3.3524056389999997,3.752346681
Cl2Ga2O2,5.711169,4.747486266,8.587777,3.345861805,3.547637361
Br2Ca1,5.485206,4.457058956,8.173333,3.313104084,3.3797163610000003
Ba1Br2,5.325743,4.424893848,8.135,3.30654478,3.320267455
Ba1I2,5.1889330000000005,4.28942113,7.781667,3.267134028,3.1616075539999997
Cl6Ga2,5.600344000000001,4.447227608,8.24625,3.2605563460000004,3.3301843910000004
Al2Br2O2,5.486307,4.482242185,8.41,3.24739301,3.3048245339999998
As2Cl6,5.229936,4.38207096,8.1525,3.2144378110000003,3.2737405880000003
Al2Br6,5.285419,4.290188263,7.83625,3.207838677,3.2512710730000003
As2Cl6,5.19906,4.360484403,8.1125,3.201236826,3.257613787
Br2O2Y2,5.089185,4.357058686,7.993334,3.201236826,3.4519821139999998
Cd1Cl2,5.307091000000001,4.3377895639999995,8.088333,3.1814148980000003,3.233423573
Cl6Dy2,5.311637999999999,4.237546348,7.8125,3.1416966310000003,3.1850431830000003
Ca1I2,5.135662,4.063986934,7.36,3.121799853,2.993599423
Cl6Sb2,5.031776,4.21671361,7.83625,3.1151619619999997,3.1527895810000004
As2Cl6,5.023137999999999,4.166205395,7.7525,3.081929883,3.112472579
Al2Cl6,5.262782,4.151236521,7.68125,3.081929883,3.112472579
Cl6In2,5.252741,4.155700922,7.7025,3.081929883,3.112472579
Cl2Zn1,5.046061,4.152325663,7.741666,3.068617002,3.096345765
Br2O2Sc2,4.774755,4.155178554,7.502222,3.0552925589999997,3.2554641930000003
Cl6Sb2,4.916647,4.119653706,7.65625,3.0552925589999997,3.080218977
B1Br3,5.14001,4.013364993,7.35,3.028608707,3.034519668
Br2Zn1,4.859301,4.012019233999999,7.401667,3.021930406,3.026491848
Br2Mg1,4.8638699999999995,3.9799228330000003,7.305,3.008564937,3.0104361889999995
C1H2Si1,4.758293,4.245445205,7.6075,2.981798267,3.133064516
I2Sr1,4.707726,3.8348308710000003,6.911667,2.975099101,2.825591292
Cl6Sc2,4.701744000000001,3.9513964010000002,7.29,2.9616917039999997,2.96733137
I2Mg1,4.697951,3.780260373,6.851667,2.9348403839999997,2.7797708930000002
Ge1O2,5.388883,4.271723724,7.628334,2.894470908,3.0486758689999998
Cl6Fe1Hf1,4.232283,3.717339248,6.575417,2.8674953239999996,2.8544437639999996
Ba1I2,4.489657,3.657404974,6.561667,2.8607435089999997,2.695766827
Cl2Pb1,4.468724,3.8198429060000003,7.195,2.847230302,2.830253551
Br6Y2,4.743602,3.689281999,6.6675,2.8337042560000003,2.8017126039999996
Cl4Hg2,4.894481,3.7646260469999997,7.06,2.820165285,2.797999949
Bi2Cl6,4.298788,3.6336663610000004,6.7525,2.752273471,2.717365956
Br2Cd1,4.4374839999999995,3.523611718,6.488333,2.711377544,2.6572116759999997
Ca1I2,4.389752,3.4315808039999998,6.14,2.711377544,2.527758696
H2Mg1O2,4.806524,3.9050237880000003,6.831333,2.704549596,2.8390993960000004
As2Br6,4.331326,3.5063432839999997,6.4075,2.704549596,2.649183837
O2Ti1,4.101214,4.025996526,6.93,2.684045007,2.9358621830000002
As2Br6,4.2615050000000005,3.442591588,6.2875,2.66350904,2.601016858
Bi2Cl6,4.184514,3.461148076,6.4325,2.6429413580000003,2.5883515480000003
Cd1Cl2,4.429448000000001,3.429125416,6.408333,2.615467845,2.556097936
C16Cl8Ge2H48N4,4.167701,3.522737878,6.104769,2.6017094519999997,2.596038838
I6Y2,4.1931080000000005,3.251929947,5.705,2.5948248,2.3979342359999998
C16Cl4Ge2H48I4N4,3.9642809999999997,3.413406081,5.940214,2.574148857,2.563073266
O2Sn1,4.676701,3.5116568089999998,6.66,2.567249501,2.501088309
C2F2,4.882045,4.129284059,7.0525,2.560346436,2.7400169180000002
Cl2Pb1,4.080007,3.3410022000000006,6.315,2.546529117,2.475463932
Br6Sm2,4.063826000000001,3.212727273,5.76125,2.525774958,2.4404602619999998
Br6Sc2,3.9523980000000005,3.1736770689999996,5.705,2.498049533,2.408348943
Bi2Br6,3.80957,3.1742548619999997,5.7675,2.491108576,2.400321113
Cl2Ge1,3.8666980000000004,3.2224756969999997,6.061666000000001,2.477215038,2.394829928
I2Mg1,3.8667059999999998,3.074057885,5.491667,2.470262426,2.260473034
Br6In2,4.104507,3.117184532,5.6375,2.456345438,2.360181964
Cl6In2,4.31006,3.165222982,5.8625,2.456345438,2.3706397359999998
Br2Dy2S2,3.944515,3.1413401380000003,5.677778,2.449381032,2.51997851
Cl4Ge2,3.89495,3.1682252639999997,5.961666,2.4424126630000003,2.354512926
Al1N1,4.09998,3.320543083,6.0325,2.435440315,2.5611725340000002
Al1N1,4.099623,3.3091322819999998,6.0125,2.428463973,2.552371254
Cl4Sn2,3.7880550000000004,3.134200424,5.893333,2.42148362,2.330322724
Cl2V1,3.606075,3.1136564910000004,5.818333,2.414499241,2.322259324
Al2H2O4,4.209486,3.431601474,5.870833,2.407510818,2.522069103
Br2Ga2O2,4.163404,3.1254974389999997,5.765555,2.4005183359999998,2.303406379
Br6Ga2,4.0777410000000005,3.0328482589999997,5.48125,2.4005183359999998,2.2959593259999997
Br2Zn1,3.848404,3.001032955,5.501666999999999,2.37250748,2.263848014
Dy2I2S2,3.750079,2.940168205,5.3844449999999995,2.358477258,2.287513573
Se1Yb1,3.7023230000000003,2.90353898,5.0525,2.323328277,2.325660275
Br2Pb1,3.6480900000000003,2.942397391,5.475,2.323328277,2.207653205
O6Sb2Tl2,3.797015,3.144864952,5.500667,2.3162857519999998,2.363303711
Bi2Br6,3.5504839999999995,2.9088489369999997,5.2675,2.3162857519999998,2.199625368
Cl2In2O2,4.123176,3.041288883,5.357778,2.309238941,2.32832326
Br2V1,3.1251990000000003,2.9047921889999997,5.318333,2.309238941,2.191597545
B1I3,3.86274,2.815212135,4.9475,2.2951323919999997,2.069554707
Cl6Ga2,4.058527,2.918156615,5.40625,2.2951323919999997,2.185181525
Bi2Cl2O2,3.685662,2.946319738,5.377778,2.2951323919999997,2.216523911
I6Y2,3.676829,2.7444631719999997,4.725,2.252707967,2.0237343080000003
Br2Ge1,3.472087,2.8282098510000004,5.221667,2.252707967,2.127374907
Cl6Ir2,3.559311,2.8497846719999997,5.315,2.245621749,2.128737722
I6Sc2,3.3598209999999997,2.7251768760000004,4.7025,2.238531055,2.0084608409999998
I2S2Sm2,3.564746,2.760638887,5.038889,2.238531055,2.160612419
Cl2Ge1,3.6212230000000005,2.853572755,5.381666,2.238531055,2.1206743130000003
Cl6Ti2,2.80726,2.827180665,5.2125,2.238531055,2.1206743219999997
H2Mg3O4,3.854574,2.900936797,5.382592,2.231435867,2.254072854
O18Te8,3.723779,2.9793891739999996,5.681538,2.224336164,2.1149075219999998
Cl6Ti2,2.763345,2.8056811919999998,5.1725,2.224336164,2.1045475209999998
Br2Cd1,3.6412690000000003,2.7465009769999997,5.028333,2.2030097619999998,2.071180098
Al2Br6,3.69757,2.73300882,4.89625,2.2030097619999998,2.071180091
As2Br6,3.345451,2.741322931,4.9675,2.2030097619999998,2.071180091
I2V1,2.9283900000000003,2.673809686,4.765,2.1958917959999997,1.9626404380000002
H2Mg5O6,3.7619839999999996,2.806453477,5.180769000000001,2.1958917959999997,2.2110562000000002
Bi2I6,3.274315,2.659190205,4.645,2.188769212,1.9550037080000002
Br2Sn1,3.3326260000000003,2.7097353739999996,4.993333,2.1745101069999997,2.039068779
Cl4Mn2,3.899488,2.743998415,5.125,2.1745101069999997,2.0481037090000003
Ga1N1,3.8172,2.866633965,4.9925,2.1745101069999997,2.199953854
I2Ti1,2.6784310000000002,2.620471898,4.65,2.160232276,1.9244567719999999
Cl6Cr2,3.523239,2.700233017,4.9875,2.153086285,2.023913516
Br6Sb2,3.2179029999999997,2.665101199,4.81125,2.153086285,2.014985282
Ge1S1,3.363894,2.7116069310000004,4.9775,2.138780041,2.0495672330000003
Cl2S2Sc2,3.256522,2.718527141,4.768889,2.138780041,2.162044827
Cl2F2,4.415681,2.841408307,5.795,2.131619743,1.999723315
As8S6,3.3852580000000003,2.677322372,4.875714,2.1101098769999997,2.065167335
Ga2S2,3.4045690000000004,2.647694814,4.6775,2.1029301869999997,2.014251956
Cl2Hg1,3.654753,2.647172206,5.0,2.1029301869999997,1.967469705
Cl2Os1,2.918364,2.64128278,5.013333,2.095745592,1.959406305
Br4C16Ge2H48I4N4,3.1888799999999997,2.6660457230000003,4.578504,2.095745592,2.002658532
Al2I6,3.363579,2.509921345,4.31375,2.088556067,1.848089443
Ag1P2S6Sc1,3.1614880000000003,2.5001484119999997,4.25875,2.081361589,1.934827176
Bi2Br2O2,3.3314790000000003,2.615282855,4.7555559999999995,2.081361589,1.97115226
Ga2S2,3.296704,2.604289981,4.5975,2.0741621340000003,1.981231432
Br2In2O2,3.551622,2.621981024,4.675555999999999,2.0741621340000003,1.987403765
I6Sc2,3.181282,2.476491534,4.2225,2.066957677,1.8251792430000002
Bi2I6,3.190741,2.482603355,4.305,2.066957677,1.8251792430000002
Cl6Rh2,3.339496,2.570419431,4.805,2.059748195,1.91908931
Cl6Tl2,3.498379,2.5597326259999997,4.7225,2.059748195,1.91908931
Er2I2Se2,3.266683,2.488458735,4.59,2.052533662,1.930607943
Br2Ge1,3.1706380000000003,2.497362661,4.601667,2.030859511,1.878512182
Al2Cl2S2,3.313052,2.562322493,4.863334,2.030859511,1.928919051
Ag2Bi2O4,3.240909,2.5408922609999998,4.7225,1.99463255,1.8730035919999999
Br2Mn1,3.562445,2.4244335169999998,4.405,1.987371416,1.830345203
Br6Ir2,3.096117,2.422822252,4.37,1.987371416,1.830345197
Al2Br2S2,3.224416,2.453519792,4.634444,1.980104972,1.825292383
Br6Ti2,2.666805,2.38254749,4.2275,1.965556046,1.8062617069999998
As2I6,2.8954009999999997,2.3281800919999998,4.025,1.9582735080000002,1.710628245
H2Ni1O2,3.15342,2.78083084,4.751333,1.9582735080000002,1.9684441780000002
Al2I2O2,3.3062989999999997,2.363234973,4.55,1.950985549,1.7029915180000001
O2Pt1,3.3964760000000003,2.765837573,4.933333999999999,1.936393256,1.949030541
F2O2U1,4.897671,2.806690619,4.893333,1.936393256,2.005138294
Br2Os1,2.655568,2.3514925030000002,4.353333,1.9290888640000001,1.766122564
Br2Ru1,2.8257689999999998,2.3514925030000002,4.353333,1.9290888640000001,1.766122564
I2Zn1,3.042395,2.2787150080000003,4.008334,1.9217789369999998,1.672444576
Br6In2,3.233692,2.311381728,4.1175,1.9144634440000001,1.7500668990000001
Se1Sn1,2.92195,2.327691152,3.9875,1.9144634440000001,1.758829846
H2Si2,2.94168,2.398639922,4.435,1.9144634440000001,1.8409920880000001
Br2Sn1,2.960273,2.3150101419999998,4.2533330000000005,1.907142356,1.742039075
Cl2Hf2N2,3.2500240000000002,2.3583895530000003,4.113333,1.88514522,1.877216515
I2Sn1,2.8494349999999997,2.230545133,3.96,1.88514522,1.634260909
Ge1O1,2.901015,2.3711193219999998,4.4525,1.870451927,1.778958778
Ge1I2,2.8271290000000002,2.189463001,3.8883339999999995,1.8557355130000002,1.603713977
Al2S2,2.968552,2.270610055,4.2975,1.8557355130000002,1.731081214
Cl2Hg1,3.247413,2.267454881,4.3,1.848368556,1.68525069
Bi2I2S2,2.847791,2.165331911,3.9066669999999997,1.8188416230000002,1.588356941
I2Sn1,2.7048400000000004,2.13673716,3.78,1.8188416230000002,1.56553031
Bi2I2O2,2.7373380000000003,2.168364495,3.982222,1.8114449469999998,1.580608859
Br2Hg1,3.057297,2.166343286,3.98,1.804042225,1.629649457
I2Os1,2.490595,2.118722514,3.78,1.804042225,1.550256844
Mg2P2Se6,3.223495,2.127027134,3.543333,1.804042225,1.669407895
Br6Rh2,2.870975,2.158080054,3.88,1.804042225,1.629649451
Br2Hf2N2,2.998918,2.186734481,3.851111,1.796633423,1.72877542
Al2Se2,2.748789,2.171296296,4.01,1.789218505,1.655390689
Ag1P2Se6Tm1,2.807091,2.07349537,3.3115,1.781797436,1.644736842
I2Ru1,2.578995,2.076974287,3.7,1.7743701809999999,1.5197099109999999
Hf1O2,3.56538,2.3566260359999998,4.33,1.7743701809999999,1.76597363
Pb1S1,2.7949650000000004,2.152924226,3.6375,1.766936702,1.6603296769999998
Al6I2Te6,2.716149,2.067270159,3.630953,1.766936702,1.5815856069999998
Ag1Er1P2Se6,2.784238,2.052728588,3.27125,1.766936702,1.628289474
Ag1P2Sc1Se6,2.6762189999999997,2.0427412869999997,3.25425,1.759496964,1.620065789
O2Pd1,3.124283,2.448654478,4.42,1.7520509290000001,1.732968639
Br2In2S2,2.868545,2.122225165,3.7,1.7520509290000001,1.6230464080000002
Cd2P2S6,3.08796,2.058134375,3.554667,1.7520509290000001,1.5735523919999999
Al2Cl4,2.664283,2.107806956,3.955,1.7445985590000002,1.572363084
I6Ir2,2.647466,2.0061261580000003,3.4075,1.729674665,1.473889515
Cl2N2Zr2,3.026459,2.105697606,3.8233339999999996,1.714724972,1.675459599
N2Si2,2.979367,2.140807241,4.105,1.714724972,1.612979306
Ga1P1,2.948155,2.068363311,3.5,1.7072403530000002,1.6033728880000002
Fe1Ga2S4,2.669816,1.986319301,3.445238,1.699749166,1.517354095
I6In2,2.809111,1.961472742,3.275,1.699749166,1.4433425819999999
Cl2N2Sn2,2.924995,2.033630821,3.666667,1.69225137,1.516789039
Sn1Te1,2.5644080000000002,1.989782336,3.275,1.69225137,1.503884588
Ga2Se2,2.726377,2.027276235,3.53,1.6847469240000001,1.542320173
Te1Zn1,2.5779080000000003,1.970860579,3.5275,1.6847469240000001,1.493719726
Br2N2Sn2,2.751346,2.008270918,3.6044440000000004,1.677235786,1.500652986
Cl2In2S2,2.802304,2.029833183,3.5022230000000003,1.669717915,1.565676694
Mn1O2,3.237294,2.278212521,4.091667,1.669717915,1.635710195
Cl2Ge2N2,3.026185,2.045550185,3.8255550000000005,1.6621932680000002,1.528054129
Cl2Sc2Se2,2.502127,2.007294333,3.465556,1.6621932680000002,1.59657003
Br6Sr1Th1,3.165432,1.909384894,2.93875,1.6621932680000002,1.477120685
Cl4Tl2,2.808011,1.989092724,3.7366660000000005,1.6621932680000002,1.483665679
Cl2N2Zr2,2.905984,2.028525443,3.6833339999999994,1.6621932680000002,1.614055321
Br6Cr2,3.3251690000000003,1.9390468109999999,3.4025,1.6546618030000002,1.469092855
Br2N2Zr2,2.872796,1.970843422,3.621111,1.647123474,1.5576095369999998
Pb1Se1,2.54613,1.9671113480000002,3.29,1.63957824,1.517776119
Bi2I2Se2,2.586566,1.9114087709999998,3.423333,1.63957824,1.4024029580000001
Br2H4Tb2,2.4539470000000003,1.9293205169999998,3.5541669999999996,1.6093273369999999,1.521152957
Br4O2,3.117946,1.9104952530000001,3.7,1.6093273369999999,1.4209258809999998
Cl2Cr2O2,3.364559,1.9578107169999999,3.6044449999999997,1.601746892,1.496292
Br6Tl2,2.678972,1.864477612,3.2575,1.601746892,1.4128980469999999
Pt4S6Tl2,2.380464,1.865562704,3.3433330000000003,1.601746892,1.412985832
S2W1,2.5894150000000002,1.888313304,3.5066660000000005,1.601746892,1.412985821
P2Si2,2.542348,1.9194666390000001,3.5925,1.601746892,1.462601272
Al2I2S2,2.589013,1.853424763,3.514444,1.601746892,1.344065055
Ge1Te1,2.454069,1.864040654,3.3975,1.601746892,1.40585386
Bi2Cl2S2,2.57246,1.898164865,3.382222,1.601746892,1.439513684
N2Si2,2.801607,1.950264188,3.765,1.586564406,1.4694157030000001
S2Sn1,2.517988,1.860107647,3.4,1.586564406,1.3969291640000001
Bi1Cl1Te1,2.345725,1.861461324,3.2888889999999997,1.586564406,1.4090353580000001
As2S6Sn1Tl2,2.5043279999999997,1.799995569,2.992727,1.57896227,1.388900838
Ga2Se2,2.565473,1.8755015430000002,3.25,1.57896227,1.4268523530000001
In2S2,2.5594799999999998,1.865407311,2.98,1.5713528069999998,1.45565618
Cl2Ni1,2.657432,1.8644596709999999,3.545,1.5713528069999998,1.386904874
Br2Hg1,2.664669,1.824850748,3.34,1.563735967,1.372758902
O2Zr1,3.159884,2.000862169,3.755,1.5561116990000001,1.50104694
Ni1O2,2.9726169999999996,2.097883031,3.831667,1.5484799530000002,1.485120831
Cl2Rh2Te2,2.291888,1.80146134,3.297778,1.540840676,1.349601155
Bi2I2S2,2.3130189999999997,1.763953313,3.146667,1.533193817,1.293929801
Ge1Te1,2.349707,1.7581292530000001,3.1975,1.525539323,1.3259758
O1Pb1,2.708543,1.81934365,3.1925,1.517877139,1.3836080640000001
Bi2Br2S2,2.344596,1.7654264069999999,3.12,1.5102072119999999,1.3413650240000001
Br2N2Zr2,2.752581,1.7759248419999998,3.261111,1.5102072119999999,1.403560242
Cl6Tl2,2.756063,1.763849372,3.2425,1.5102072119999999,1.322397676
Ag1In1P2S6,2.4908650000000003,1.702458777,2.72925,1.5102072119999999,1.316645879
In2S2,2.4726790000000003,1.77864418,2.82,1.5102072119999999,1.387951241
Mo1S2,2.338151,1.734965462,3.193333,1.494843907,1.300589222
Br2Ga2S2,2.567375,1.743802628,3.17,1.487150415,1.2966728220000001
Br6Ga2,2.644381,1.6648852330000001,2.90125,1.45629618,1.26036928
I6Rh2,2.296003,1.6324131119999998,2.6975,1.45629618,1.1989671179999999
Cl4I4Ta2,2.268506,1.628914332,3.056,1.440820067,1.183693652
Pb1Te1,2.1953549999999997,1.648760665,2.6575,1.440820067,1.251913178
Bi1I1Te1,2.112308,1.6314366740000001,2.853333,1.440820067,1.2009528090000001
Ga2I6,2.425584,1.577657406,2.53875,1.417543266,1.160783452
P2Si2,2.2499540000000002,1.646815128,3.0925,1.409767376,1.254845409
Al2I2Se2,2.29031,1.589803195,3.011111,1.409767376,1.1531467229999999
Mo1S1Se1,2.007323,1.6515625,2.913333,1.409767376,1.2924633159999999
Cl6Mn2,2.874908,1.612562506,2.95375,1.4019828980000002,1.209510069
Se2W1,1.993279,1.59720869,2.8233330000000003,1.394189766,1.225328947
O2Ti1,2.587488,1.834475481,3.37,1.394189766,1.3377476000000001
O1Sn1,2.351906,1.610865255,2.83,1.394189766,1.202135996
Al2Br2Se2,2.354818,1.6099547509999999,3.071111,1.394189766,1.198099405
Br2Ge2N2,2.609648,1.614043415,3.083333,1.386387911,1.1881188040000001
I6Ti2,2.287719,1.5345918090000001,2.425,1.386387911,1.130236519
Cl9Mo2Rb3,1.8037159999999999,1.51254601,2.5171419999999998,1.3629293230000001,1.118414003
Br6Re2,1.993543,1.527761194,2.6525,1.355091882,1.156007493
Br2S2Sb2,2.1161830000000004,1.555437217,2.956666,1.355091882,1.173545965
Br2Cr2O2,2.825587,1.5603234430000001,2.922223,1.3472453640000002,1.179783942
Co1O2,2.7580270000000002,1.773953871,3.306667,1.3472453640000002,1.256640703
In2Se2,2.180748,1.549442515,2.3925,1.3472453640000002,1.209266317
H2Mn1O2,1.9338229999999998,1.7534906259999998,3.087333,1.339389696,1.255518097
Cl6Re2,2.019679,1.52994047,2.8375,1.339389696,1.145002866
Br4Nb2Se4,2.056295,1.521313845,2.841333,1.339389696,1.139951833
Al1Sb1,2.248395,1.491758555,2.585,1.331524803,1.149097092
Hg1I2,2.312622,1.459560618,2.4866669999999997,1.323650607,1.069142651
I2Zn1,2.2131819999999998,1.45671279,2.428334,1.323650607,1.069142651
P2Sn2,2.024928,1.476653147,2.3175,1.315767031,1.121455727
Mo1Se2,1.87565,1.487332176,2.59,1.315767031,1.143092105
Ge1O2,2.888377,1.646642106,3.228334,1.307873997,1.175187905
In2Te2,2.013236,1.4464541169999998,2.16,1.299971425,1.10056761
In2Se2,2.089341,1.462760417,2.2325,1.284137338,1.141615055
Ge2P2,2.084802,1.47323408,2.6,1.284137338,1.132827524
Br6Re2,1.478389,1.4216666669999998,2.4525,1.276205657,1.075729195
Cl6V2,1.533272,1.430529306,2.62375,1.268264104,1.072432262
O2W1,2.167451,1.667429984,3.186667,1.268264104,1.195605127
Ga2Ni1S4,1.984965,1.387611924,2.3090479999999998,1.260312594,1.059739368
Ge2N2,2.452819,1.45378396,2.7325,1.252351037,1.099262264
Br2V1,2.46348,1.3832343759999999,2.458333,1.2443793440000002,1.0436178790000001
Al2O2,2.138341,1.499180825,2.9125,1.2443793440000002,1.144166424
Cl6Re2,1.5649309999999998,1.379101269,2.5575,1.228405186,1.032115259
Cl2N2Ti2,1.636671,1.403752429,2.4666669999999997,1.220402534,1.101369942
Al1As1,2.194458,1.378529876,2.4375,1.220402534,1.073301903
Cd1Te1,1.967127,1.3286844359999999,2.3175,1.212389373,1.014973238
Mn2Se2,2.151554,1.359652778,2.395,1.212389373,1.06196944
Pt1Se2,1.951036,1.3389756940000002,2.33,1.204365605,1.027960526
In2Te2,1.8824439999999998,1.319757406,1.92,1.204365605,1.0041675270000001
O2Pb1,2.3266430000000002,1.443137673,2.981667,1.196331132,1.039802425
Br2In2Se2,2.008947,1.342211665,2.2566669999999998,1.196331132,1.026825279
Au2Se2,1.7943259999999999,1.361751543,2.5025,1.196331132,1.041501976
Br2N2Ti2,1.627872,1.3348643390000001,2.364445,1.188285852,1.0386320390000001
Ge2P2,1.9766080000000001,1.331367094,2.34,1.180229663,1.023740429
Cl6Ru2,1.970102,1.295356669,2.435,1.164084139,0.967608055
C6N8,2.802101,1.401201855,2.957857,1.164084139,0.9933687929999999
Br4Ir2,2.1088240000000003,1.2719436720000001,2.333333,1.155994589,0.955311751
As1Ga1,2.093156,1.297059752,2.0775,1.155994589,1.006970695
S2Zr1,2.02624,1.264874354,2.195,1.155994589,0.955371095
Cl6Cr2,3.251363,1.280190155,2.3475,1.155994589,0.959544655
Bi2Cl2Se2,1.967929,1.2507111929999999,2.178889,1.1316574609999999,0.9487703829999999
C2O6V1,2.5822700000000003,1.353722675,2.3203709999999997,1.1316574609999999,1.019372878
Cl2Ir2O2,1.937993,1.2988985640000001,2.431111,1.1316574609999999,0.98829288
Bi2I2Se2,1.8621450000000002,1.2249912570000001,2.123333,1.1316574609999999,0.8987775859999999
Bi1Cu1P2Se6,1.8922290000000002,1.193627829,1.63,1.123521878,0.9457236840000001
Bi4Se6,1.84727,1.236442258,2.209,1.123521878,0.9457236840000001
Al2I6,1.944867,1.192731218,1.77375,1.123521878,0.878224322
C1Cl2Sc2,1.800232,1.24067936,1.8726669999999999,1.123521878,1.005154308
Ge2N2,2.270679,1.265124973,2.3925,1.115374495,0.9566099090000001
C1F2Y2,1.9792,1.216023453,2.023333,1.115374495,0.974074157
Co2I6,1.9020759999999999,1.1835522490000001,1.7875,1.115374495,0.8705875890000001
S2Ti1,1.692282,1.203399765,2.11,1.107215192,0.9072011240000001
Cr2O6,2.852529,1.36560864,2.5975,1.099043846,0.9842220890000001
Cr2I6,2.392758,1.1514599559999998,1.7,1.090860331,0.8476773890000001
Hf1S2,1.9310720000000001,1.168891657,2.01,1.0826645190000002,0.883116138
Br6V2,1.418675,1.1653606970000001,1.93875,1.0826645190000002,0.8830612790000001
I6Re2,1.362274,1.13172653,1.69,1.074456279,0.832403923
Pd1S2,1.827494,1.15706248,2.12,1.0662354790000002,0.867059481
Cl2In2Se2,1.879028,1.18402775,1.9588889999999999,1.0662354790000002,0.913292043
C1Cl2Lu2,1.8895540000000002,1.151151945,1.8006669999999998,1.0662354790000002,0.93558474
Cl6Os2,1.634768,1.165821002,2.195,1.0662354790000002,0.87084725
I2V1,2.38631,1.113220375,1.765,1.058001982,0.817130455
In1P1,1.987739,1.1575494640000001,1.5825,1.058001982,0.913869842
Cl2Mo2Se2,2.1263389999999998,1.156269236,2.057777,1.041496343,0.8987327690000001
Te2W1,1.462067,1.089063173,1.64,1.0332239140000001,0.830731826
S1Se1Ti1,1.5608899999999999,1.118350038,1.867778,1.024938218,0.8864027529999999
O1Tl2,1.9540919999999997,1.093920457,1.04,1.024938218,0.868768542
I6Tl2,1.716045,1.057940253,1.515,1.016639103,0.77894679
C1Hf2O2,1.79558,1.112121622,1.642,1.016639103,0.905172414
Cl2Zr1,1.613429,1.099630573,2.048333,1.016639103,0.822466844
Bi2Pb1Te4,1.519684,1.056114183,1.429047,1.016639103,0.814756217
Ge2H2,1.7476040000000002,1.1133318840000002,1.9425,1.016639103,0.8559141290000001
Hg1I2,1.873574,1.042543298,1.686667,1.0,0.763673322
Cl2Hf1,1.633318,1.077763035,2.003333,1.0,0.806340043
I6In2,1.8002150000000001,1.0378162659999999,1.495,1.0,0.7636733240000001
Cl7Nb3Te1,1.688191,1.0458459359999999,1.6503029999999999,0.991659695,0.798276648
Hf2I2N2,1.8801259999999997,1.043702213,1.7577779999999998,0.991659695,0.7946700940000001
Bi2Ge1Te4,1.459435,1.013946196,1.333809,0.983305337,0.782804993
Br7Nb3S1,1.65258,1.024482127,1.475151,0.983305337,0.786727321
C1O2Zr2,1.7207009999999998,1.054266006,1.746,0.9749367590000001,0.85647973
Br2Ir2O2,1.7157950000000002,1.053351465,2.008889,0.9665537890000001,0.7939934259999999
S2Zr1,1.8447930000000001,1.02040284,1.735,0.9665537890000001,0.770719539
Bi2Te3,1.4789430000000001,0.99709464,1.554,0.958156252,0.758841575
Bi2S1Te2,1.581273,0.978243339,1.381333,0.9413167579999999,0.7531051120000001
Br2Re1,1.381208,0.991674002,1.7633330000000003,0.9413167579999999,0.746588175
B1P1,2.0197279999999997,1.006210876,1.9475,0.93287443,0.759742372
Bi2Se2Te1,1.4820799999999998,0.961736952,1.369333,0.9244167940000001,0.744294004
Bi2O2,1.74167,0.985396055,1.685,0.9244167940000001,0.744294004
H2Si6,1.519255,0.95797456,1.3625,0.9159436540000001,0.760042605
Cl6W2,1.3404399999999999,0.961691669,1.835,0.907454807,0.717642641
Hf1Se2,1.658007,0.9449382890000001,1.446667,0.907454807,0.731907895
Se2Sn1,1.4926540000000001,0.9399228559999999,1.536667,0.898950048,0.7236842109999999
Bi2Se3,1.497507,0.946147119,1.669,0.898950048,0.7236842109999999
S2Sn1,1.687454,0.9407440970000001,1.68,0.898950048,0.7064929109999999
Pd4Se6Tl2,1.615349,0.931567185,1.469444,0.898950048,0.7236842109999999
Bi2Se1Te2,1.49862,0.915005733,1.259333,0.8904291670000001,0.704517685
Cl2O2Ru2,1.8131849999999998,0.9741739229999999,1.817778,0.8904291670000001,0.7449962659999999
S1Se1Zr1,1.693444,0.9422762570000001,1.6244450000000001,0.8904291670000001,0.7577642840000001
Br2O2Ru2,0.318056,0.9436273540000001,1.7755560000000001,0.881891945,0.7155231329999999
Br2Hf1,1.432391,0.912656024,1.523333,0.881891945,0.6903933659999999
Cr1S2,1.516899,0.916862277,1.59,0.881891945,0.6904362540000001
Cl4Hf2,1.6990299999999998,0.92687621,1.7233330000000002,0.881891945,0.693452437
Br4Re2,1.487493,0.917031872,1.623333,0.881891945,0.6903933659999999
O3Te1,2.4243810000000003,1.001841026,2.1125,0.873338163,0.7230520309999999
Mo1O2,1.585265,1.04850087,2.173334,0.8647675909999999,0.7511758890000001
I7Se1Ta3,1.382387,0.843302398,0.9542430000000001,0.847575141,0.626212124
As1In1,1.4945760000000001,0.876108821,1.06,0.838952777,0.6918080120000001
Br6Cr2,1.925844,0.858266621,1.3625,0.838952777,0.650254215
N1Y1,1.853234,0.852649467,1.265,0.830312652,0.6835608120000001
Br2O2Rh2,1.6077219999999999,0.87851647,1.6644439999999998,0.830312652,0.662467922
Bi2Pb2Se5,1.319402,0.844135778,1.2277770000000001,0.830312652,0.657894737
Br6Os2,1.416139,0.8501130709999999,1.41,0.830312652,0.642226385
Cu1In1P2Se6,1.637209,0.8196656379999999,0.904,0.821654509,0.6496710529999999
Se2Zr1,1.5772709999999999,0.838994035,1.251667,0.821654509,0.6496710529999999
I2Zr1,1.3834440000000001,0.8101464509999999,1.135,0.8129780790000001,0.595665191
Cl2Ti1,1.367615,0.8425655670000001,1.603333,0.8129780790000001,0.628945234
O2Sc2,1.1368340000000001,0.85311221,1.24,0.80428309,0.6809373940000001
C1O2Ti2,1.080303,0.8661923309999999,1.254,0.80428309,0.6972663990000001
Hf1I2,1.458021,0.799625703,1.11,0.80428309,0.5880284579999999
As1B1,1.184402,0.8323156709999999,1.525,0.7955692590000001,0.64062334
In2P6,1.434506,0.80686112,1.13875,0.7955692590000001,0.627613261
Br2Cr2S2,2.403195,0.811058343,1.466667,0.786836298,0.618767802
Te2Ti1,1.195117,0.780959354,0.923334,0.786836298,0.5990854520000001
Br2Ga2Se2,1.481455,0.801248277,1.426666,0.7780839070000001,0.595986266
Cl6W2,1.337045,0.799608804,1.535,0.7780839070000001,0.596691634
Ge1S2,1.594178,0.780743838,1.388333,0.769311782,0.586067983
In1Sb1,1.31829,0.753081432,0.8275,0.7517070509999999,0.580894215
Pb1S2,1.3259530000000002,0.761556253,1.401666,0.7517070509999999,0.570011326
Cr1Se2,1.27329,0.7456404459999999,1.126667,0.742873786,0.575657895
F2Si2,1.607268,0.789246575,1.9,0.734019463,0.58269933
Ir2Se2,1.329458,0.7204745370000001,1.2075,0.707326528,0.557512581
Sb2Te3,1.18513,0.692908237,0.98,0.707326528,0.5271952
Br2Ir2S2,1.280025,0.717761192,1.313333,0.707326528,0.54587048
Mo2S2Se2,1.0726040000000001,0.7109375,1.193333,0.698384294,0.556358381
Bi2S2,0.876332,0.695371775,0.95,0.698384294,0.531638574
Hf1Se2,1.322175,0.679506185,0.946667,0.6894191009999999,0.526315789
S2Sc2,0.929982,0.688893092,0.765,0.6894191009999999,0.555706303
As2Te3,1.164498,0.6621977179999999,0.946,0.680430529,0.503231781
Cl2Pd1,1.651635,0.684777017,1.413333,0.680430529,0.5079942270000001
Cd1Ga1In1S4,1.503369,0.653820264,0.731429,0.680430529,0.5057846979999999
Sb2Se1Te2,1.119535,0.6522514,1.043333,0.6714181459999999,0.49596194299999996
Br6Nb2,1.448564,0.656734509,0.975,0.6714181459999999,0.49772544799999996
Sn2Te2,1.12095,0.645620864,0.735,0.662381502,0.48796255299999997
Cl2N2Pt2,1.493005,0.6803854,1.295555,0.662381502,0.516892789
Cl2Ga2Se2,1.7118650000000002,0.668991801,1.1888889999999999,0.662381502,0.50310979
Te2V2,1.1418760000000001,0.632189088,0.7825,0.653320133,0.48891334700000005
Cl4Zr2,1.376439,0.636060822,1.188333,0.6442335570000001,0.475740625
Ge2Te2,1.1497680000000001,0.614286125,1.0375,0.635121276,0.463292749
Br4Zr2,1.2484389999999999,0.61565976,0.968333,0.635121276,0.46561413100000004
S2V1,0.675083,0.618180287,1.025,0.635121276,0.465643055
Ge2Se2,1.069485,0.609259259,1.11,0.6168175029999999,0.460526316
C1Cr2F2,0.604995,0.675352994,1.042,0.6168175029999999,0.518276849
S2Tl2,1.102769,0.603701226,0.57,0.6168175029999999,0.47234017799999994
Se2V2,1.092943,0.605154321,0.815,0.6168175029999999,0.478873239
H2Sn2,1.091518,0.584369836,0.64,0.607624917,0.443741475
Sc2Se2,0.833989,0.59148341,0.5775,0.607624917,0.47723560600000003
N2Sn2,1.146141,0.548305543,0.77,0.570569405,0.41146936799999995
Cr2I2O2,2.312957,0.540668364,1.048889,0.570569405,0.38947339700000005
Cl2Rh2S2,1.3871799999999999,0.551835149,0.9911110000000001,0.561231024,0.42315586299999997
C18,0.9205190000000001,0.72606383,2.05,0.561231024,0.465458109
Se2Zr1,1.202815,0.5310088829999999,0.671667,0.561231024,0.411184211
Te2Zr2,0.802137,0.5141734579999999,0.5875,0.551861461,0.408794036
Se2Tl2,0.9498549999999999,0.517190635,0.4025,0.5424599729999999,0.40486301
Br2Rh2S2,1.069609,0.5115581220000001,0.908889,0.533025781,0.389199904
C1H2O2Y2,0.8945790000000001,0.499533811,0.721071,0.533025781,0.401591976
S2V2,1.0140209999999998,0.508366419,0.6425,0.533025781,0.402210735
Br2S2V2,1.8183939999999998,0.5081038139999999,0.836667,0.533025781,0.39407058100000003
Cl2S2V2,0.868985,0.5038233329999999,0.838889,0.523558072,0.39365305799999994
Cr2I2S2,2.0665400000000003,0.474061385,0.833334,0.514055995,0.343652997
Br2Ti1,0.990368,0.478468446,0.743333,0.514055995,0.361252343
I6Ir2,0.955333,0.46774962200000003,0.4475,0.514055995,0.343652996
Cr2I6,1.834452,0.46680809,0.38,0.514055995,0.343652996
Cl6Co2,1.54203,0.474006191,0.875,0.504518656,0.35478962
Ir2S2,0.8572540000000001,0.480780437,0.775,0.504518656,0.37197171799999995
Bi2Se2,0.675189,0.45981942299999995,0.5025,0.49494512,0.35169936399999996
Cl2Co2S2,1.2094120000000002,0.46136989899999997,0.92,0.485334401,0.348646746
Te2Tl2,0.8167800000000001,0.442471953,0.17,0.485334401,0.338778763
Bi1O2,1.97976,0.476722295,1.31,0.485334401,0.343520311
S1Se1V1,0.6689039999999999,0.45651234,0.6911109999999999,0.485334401,0.35915493
Te2Zr1,1.003659,0.41590757100000003,0.188334,0.46599722,0.31951224100000003
Hf1Te2,0.9526959999999999,0.405425741,0.16333399999999998,0.45626852,0.311524435
Ni1S2,1.071531,0.416731615,0.691666,0.45626852,0.313104813
Cr2Si2Te6,1.475655,0.40229072200000004,0.057333,0.45626852,0.311524436
C2O2Zr3,0.9460209999999999,0.409070435,0.44904700000000003,0.44649815,0.335528143
Br2Co2S2,1.160872,0.411881483,0.8177770000000001,0.44649815,0.307949574
I6Rh2,0.876141,0.37431128700000005,0.2775,0.42682719700000005,0.274922397
Br6Cu2,0.608992,0.381940299,0.4925,0.42682719700000005,0.289001873
Sc2Te2,0.634288,0.377915428,0.085,0.42682719700000005,0.298881635
Cl2Ir2Se2,0.888716,0.396620375,0.732222,0.42682719700000005,0.304097771
Br2Ir2Se2,0.872898,0.380512223,0.69,0.416923816,0.28947677
Cr2Ge2Te6,1.381879,0.3611532,-0.015333000000000001,0.416923816,0.279573212
Cl2Mo1,1.454685,0.369423403,0.826666,0.406973156,0.274155615
Ga2I6,1.071616,0.352897051,0.17875,0.406973156,0.25964893
Br2Se2V2,0.9651360000000001,0.345834452,0.533333,0.386923388,0.268303374
B1Sb1,1.339116,0.34073510799999995,0.5125,0.386923388,0.26078799199999997
Br2Os1,0.320075,0.33134667100000004,0.573333,0.376820694,0.248862725
I6Tl2,0.940457,0.321530861,0.095,0.376820694,0.23673873
As1Na3,0.7485649999999999,0.298214408,-0.44875,0.356449764,0.246564117
Cl4V2,0.38553000000000004,0.30271660300000003,0.618333,0.346177119,0.225775212
Rh2Se2,0.84383,0.29515625,0.3975,0.335843131,0.22832301100000002
O2Rh2,1.050343,0.326612903,0.62,0.335843131,0.246337702
Te2Ti2,0.619563,0.284135583,0.05,0.335843131,0.22180766300000002
Br4Pt2,0.9627049999999999,0.256689285,0.446667,0.304445366,0.19266791600000002
Br2S2Tl2,1.117548,0.259430132,0.208889,0.304445366,0.199449792
Bi2Te3,0.731536,0.24140186,0.114,0.293837033,0.183719539
Br2Pd1,0.991008,0.245837853,0.413333,0.293837033,0.184640086
S2V1,0.425178,0.234482178,0.305,0.283151522,0.17662322800000002
C2O2Ti3,0.44464799999999993,0.24431262399999998,0.030476,0.283151522,0.199218972
Se2Ti1,0.36646799999999996,0.21280864600000002,0.10666700000000001,0.261532097,0.164473684
Cl2Se2V2,1.010059,0.207934681,0.295556,0.250588614,0.162474849
N2Sn2,0.9594530000000001,0.193519603,0.11,0.239548665,0.14522448300000002
Rh2S2,0.5899909999999999,0.175077438,0.185,0.217153409,0.13540987699999998
Br6Co2,1.18674,0.15912483,0.07,0.205782947,0.120417447
Cl2Rh2Se2,0.635817,0.143357771,0.24777800000000003,0.18264990899999997,0.109933301
Cl2S2Tl2,1.0022280000000001,0.130940174,-0.008889,0.170864185,0.10121575199999999
Cr2S6,1.579969,0.116682986,-0.03,0.158913419,0.08831161400000001
Br2Rh2Se2,0.5981449999999999,0.119689059,0.185556,0.158913419,0.091089339
I6Ta2,0.380853,0.09330582400000001,-0.36,0.134442142,0.068730599
Se2Ti2,0.571859,0.097100694,-0.1975,0.134442142,0.077452668
Br6W2,0.505352,0.074448213,-0.03,0.10903896,0.056194809000000005
Pd1Te2,0.596457,0.073221786,-0.326666,0.10903896,0.055914642
Se2Sn1,0.626259,0.06408564900000001,-0.103333,0.095894281,0.049342105
Co2Te2,0.146429,0.052862211,-0.055,0.082377449,0.03993903
I2W1,0.098347,0.031339068,-0.193333,0.053818846,0.022910200000000002
Sb2Sn1Te4,0.24883899999999998,0.031039887999999998,-0.565715,0.053818846,0.023963417999999997
Hf1I2,0.22207800000000003,0.020769499,-0.39,0.038387662,0.015273466000000001
Cl2Pt2Se2,0.297548,0.022055042,0.061111,0.038387662,0.016798419
I2Ti1,0.8593559999999999,0.020797396,-0.35,0.038387662,0.015273466000000001
O2Ru1,0.06592200000000001,0.012493135,0.52,0.021544347000000002,0.008891054
Br2Ge2O2,0.031447,0.010950927,0.187777,0.021544347000000002,0.00802783
C2W3,0.218875,0.011264798000000001,-0.41200000000000003,0.021544347000000002,0.009098568000000001
Sb3Si1,0.18152000000000001,0.010425116,-0.69875,0.021544347000000002,0.008149625
Cl2O2Pd2,0.064779,0.011197401000000001,0.13111099999999998,0.021544347000000002,0.008501659
Ca2Sn2,0.158572,0.010391845,-0.74,0.021544347000000002,0.008233148000000001
Nb2S2,0.233582,0.01081049,-0.135,0.021544347000000002,0.008641272
N2Y1,0.22363400000000003,0.011127762,0.23666700000000002,0.021544347000000002,0.00854451
C6Sb2,0.446615,0.011536755,0.1075,0.021544347000000002,0.008784096
I2W1,0.19683299999999998,0.010446356,-0.23333299999999998,0.021544347000000002,0.007636733000000001
I2Sc1,0.183453,0.010388237,-0.4,0.021544347000000002,0.007636733000000001
C2Ta3,0.325702,0.010883002,-0.76,0.021544347000000002,0.009036785
C1Cr2,0.082784,0.011311438,-0.668334,0.021544347000000002,0.009254944000000001
Hg1Se2,0.927133,0.010684798999999998,-0.196667,0.021544347000000002,0.008223684
Re2Te2,0.160186,0.010575319,-0.33,0.021544347000000002,0.008128622
C1O2Ta2,0.013691,0.011143304,-0.31133299999999997,0.021544347000000002,0.009036785
Br2N2V2,0.047570999999999995,0.010862732,-0.032222,0.021544347000000002,0.00838448
Au1Te2,0.242738,0.010484706,-0.39,0.021544347000000002,0.007987806
Ge1Se2,0.16187,0.010685763999999999,-0.195,0.021544347000000002,0.008223684
Te2Zr1,0.090556,0.010397689,-0.591666,0.021544347000000002,0.007987806
Nb2Se2,0.058448,0.01080054,-0.1425,0.021544347000000002,0.008635215
Fe3Ge1Te2,0.197626,0.010560936000000002,-0.48,0.021544347000000002,0.008506494
I2Mo1,0.403281,0.010434732,-0.26666599999999996,0.021544347000000002,0.007636733000000001
Br2O2Zr2,0.205947,0.010874038999999999,0.045556,0.021544347000000002,0.008558294000000001
O2Rh1,0.066322,0.012515102,0.533334,0.021544347000000002,0.008863366999999999
Br2Pt2Se2,0.150799,0.010880823999999999,0.018889,0.021544347000000002,0.008218516
Cl2W1,0.398903,0.010885805,0.2,0.021544347000000002,0.0080634
Au1O2,0.037663,0.012586491000000002,0.576667,0.021544347000000002,0.008819143
Cl2S2Ta2,0.125095,0.010935876,-0.142223,0.021544347000000002,0.008682911
Rh1Te2,0.459441,0.010466008,-0.43333299999999997,0.021544347000000002,0.007987806
C2F2Nb3,0.194423,0.011091553,-0.158095,0.021544347000000002,0.009002086
C1F2Nb2,0.529618,0.011256876,-0.026000000000000002,0.021544347000000002,0.009002086
Cl2O2W2,0.121396,0.011219173,0.098889,0.021544347000000002,0.008686444
Co1Se2,0.152256,0.010673225,-0.216667,0.021544347000000002,0.008223684
Se2W2,0.029899000000000002,0.010947145,-0.1275,0.021544347000000002,0.00862069
Ag1I2,0.081974,0.010421365,-0.305,0.021544347000000002,0.007636733000000001
